text,clique_id,index,v,e
icic_102CTL004-hepple_clean,1,pairwise,0.10714285714285714,0.00992063492063492
icic_102CTL004-hepple_clean,3,pairwise,0.23214285714285715,0.01292517006802721
icic_102CTL004-hepple_clean,4,pairwise,0.06547619047619048,0.025350443207586063
icic_102CTL004-hepple_clean,6,pairwise,0.09948979591836735,0.0063775510204081625
icic_102CTL004-hepple_clean,7,pairwise,0.3112244897959184,0.028798185941043084
icic_102CTL004-hepple_clean,8,pairwise,0.22704081632653061,0.03687641723356009
icic_102CTL004-hepple_clean,9,pairwise,0.2550453514739229,0.010884353741496598
icic_102CTL004-hepple_clean,10,pairwise,0.15924036281179138,0.018150896722325293
