text,clique_id,index,v,e
media_A_helping_hand-hepple_clean,1,pairwise,0.06730769230769232,0.009336939102564102
media_A_helping_hand-hepple_clean,2,pairwise,0.08333333333333333,0
media_A_helping_hand-hepple_clean,3,pairwise,0.11217948717948717,0.012596580298786181
media_A_helping_hand-hepple_clean,4,pairwise,0.10694444444444445,0.016298076923076922
media_A_helping_hand-hepple_clean,5,pairwise,0.13221916971916972,0.016427404295051354
media_A_helping_hand-hepple_clean,6,pairwise,0.1374398477339654,0.011305511788048552
media_A_helping_hand-hepple_clean,7,pairwise,0.06748366013071895,0.03313267614738203
media_A_helping_hand-hepple_clean,9,pairwise,0.10468604108309991,0.034389140271493215
media_A_helping_hand-hepple_clean,10,pairwise,0.03720238095238095,0.038683697838109606
