text,clique_id,index,v,e
slate_Article247_61-hepple_clean,1,pairwise,0.043209876543209874,0.0016646316646316648
slate_Article247_61-hepple_clean,3,pairwise,0.17901234567901234,0.01750180375180375
slate_Article247_61-hepple_clean,4,pairwise,0.024691358024691357,0.01469017094017094
slate_Article247_61-hepple_clean,5,pairwise,0.1117283950617284,0.0077669244335911
slate_Article247_61-hepple_clean,6,pairwise,0.058994708994708996,0
slate_Article247_61-hepple_clean,8,pairwise,0.11146384479717812,0
slate_Article247_61-hepple_clean,9,pairwise,0.09382716049382715,0.009524426191092858
