text,clique_id,index,v,e
slate_Article247_66-hepple_clean,1,pairwise,0.10714285714285714,0.006015338827838827
slate_Article247_66-hepple_clean,2,pairwise,0.08718487394957983,0.006247704501380972
slate_Article247_66-hepple_clean,3,pairwise,0.10333508403361344,0.010171469155844156
slate_Article247_66-hepple_clean,4,pairwise,0.15690651260504201,0.02638888888888889
slate_Article247_66-hepple_clean,6,pairwise,0,0.02452439309056956
slate_Article247_66-hepple_clean,7,pairwise,0.13363903253609136,0.0026515151515151517
slate_Article247_66-hepple_clean,8,pairwise,0.10402189722042662,0.0125
slate_Article247_66-hepple_clean,9,pairwise,0.007352941176470588,0.0030691964285714285
slate_Article247_66-hepple_clean,10,pairwise,0.10402189722042662,0
