text,clique_id,index,v,e
slate_Article247_62-hepple_clean,1,pairwise,0,7.142857142857143e-4
slate_Article247_62-hepple_clean,2,pairwise,0.031746031746031744,0.023979591836734693
slate_Article247_62-hepple_clean,4,pairwise,0,0
slate_Article247_62-hepple_clean,5,pairwise,0.015873015873015872,0.035834333733493394
slate_Article247_62-hepple_clean,6,pairwise,0.12244897959183673,0.016340702947845804
slate_Article247_62-hepple_clean,7,pairwise,0.12244897959183673,0.008556654985226413
slate_Article247_62-hepple_clean,8,pairwise,0.13952247565692943,0.009730179950768187
slate_Article247_62-hepple_clean,9,pairwise,0.12364945978391356,0.0073280423280423284
