text,clique_id,index,v,e
slate_Article247_47-hepple_clean,1,pairwise,0.10416666666666666,0.0021043771043771043
slate_Article247_47-hepple_clean,2,pairwise,0.05416666666666667,0.004427401302401302
slate_Article247_47-hepple_clean,3,pairwise,0.09017857142857143,0.003720238095238095
slate_Article247_47-hepple_clean,5,pairwise,0.02827380952380952,0.007834757834757834
slate_Article247_47-hepple_clean,6,pairwise,0.07827380952380952,0
slate_Article247_47-hepple_clean,7,pairwise,0.058680555555555555,0.003434065934065934
slate_Article247_47-hepple_clean,8,pairwise,0.08249007936507936,4.464285714285714e-4
slate_Article247_47-hepple_clean,9,pairwise,0.031746031746031744,0.007638888888888889
slate_Article247_47-hepple_clean,10,pairwise,0.016369047619047616,0.00599504662004662
