text,clique_id,index,v,e
icic_105CWL062-hepple_clean,1,pairwise,0.19480519480519481,0.006684025591588617
icic_105CWL062-hepple_clean,2,pairwise,0.19202226345083487,0.00987900987900988
icic_105CWL062-hepple_clean,3,pairwise,0.2056095165338863,0.008545224616653187
icic_105CWL062-hepple_clean,4,pairwise,0.0989821766026985,0.004942294056624
icic_105CWL062-hepple_clean,5,pairwise,0.1648635530767331,0.0015873015873015873
icic_105CWL062-hepple_clean,6,pairwise,0.1826840784160554,0
icic_105CWL062-hepple_clean,7,pairwise,0.13030037189701055,0.0036086720297246614
icic_105CWL062-hepple_clean,8,pairwise,0.14524031916778488,0
