text,clique_id,index,v,e,group_id
pseudotext_28,1,global,0,0,1
pseudotext_28,2,global,0,8.285004142502071e-4,2
pseudotext_28,3,global,0.09090909090909093,3.3444816053511704e-4,3
pseudotext_28,4,global,0.125,9.11854103343465e-4,4
pseudotext_28,5,global,0.29411764705882354,6.332320162107396e-4,5
pseudotext_28,6,global,0.16666666666666666,2.418379685610641e-4,6
pseudotext_28,7,global,0.32,4.771317565264808e-4,7
pseudotext_28,8,global,0.3333333333333333,2.244668911335578e-4,8
pseudotext_28,9,global,0.25,3.675119441381845e-4,9
pseudotext_28,10,global,0,0.00909090909090909,10
pseudotext_28,1,local,0,0,1
pseudotext_28,2,local,0,0,2
pseudotext_28,3,local,0,0.0053475935828877,3
pseudotext_28,4,local,0.125,0,4
pseudotext_28,5,local,0,0,5
pseudotext_28,6,local,0,0,6
pseudotext_28,7,local,0.04,0.00757575757575757,7
pseudotext_28,8,local,0,0.00266666666666666,8
pseudotext_28,9,local,0.125,0,9
pseudotext_28,10,local,0,0,10
